sales_rep_id,region,month,product_category,revenue,target
NOR23001,North,2025-01,Sports,56950,73918
NOR23001,North,2025-01,Beauty,114346,96538
NOR23001,North,2025-01,Clothing,84930,58699
NOR23001,North,2025-02,Sports,93294,58108
NOR23001,North,2025-02,Beauty,76824,64193
NOR23001,North,2025-02,Clothing,42241,61124
NOR23001,North,2025-03,Sports,72075,51351
NOR23001,North,2025-03,Beauty,61110,63668
NOR23001,North,2025-03,Clothing,86894,78662
NOR23001,North,2025-04,Sports,98152,92054
NOR23001,North,2025-04,Beauty,118825,94616
NOR23001,North,2025-04,Clothing,31055,87198
NOR23001,North,2025-05,Sports,83179,94782
NOR23001,North,2025-05,Beauty,75345,51657
NOR23001,North,2025-05,Clothing,53856,57549
NOR23001,North,2025-06,Sports,56040,87318
NOR23001,North,2025-06,Beauty,59744,79049
NOR23001,North,2025-06,Clothing,95199,59134
NOR23001,North,2025-07,Sports,42823,81365
NOR23001,North,2025-07,Beauty,98218,91299
NOR23001,North,2025-07,Clothing,119723,90418
NOR23001,North,2025-08,Sports,23144,67731
NOR23001,North,2025-08,Beauty,103040,60528
NOR23001,North,2025-08,Clothing,33472,64926
NOR23001,North,2025-09,Sports,44324,89738
NOR23001,North,2025-09,Beauty,114156,71293
NOR23001,North,2025-09,Clothing,53004,81875
NOR23001,North,2025-10,Sports,46367,94944
NOR23001,North,2025-10,Beauty,24580,52109
NOR23001,North,2025-10,Clothing,119326,52298
NOR23001,North,2025-11,Sports,72768,99346
NOR23001,North,2025-11,Beauty,89401,84856
NOR23001,North,2025-11,Clothing,56572,91681
NOR23001,North,2025-12,Sports,54042,78439
NOR23001,North,2025-12,Beauty,88148,95393
NOR23001,North,2025-12,Clothing,69462,94465
NOR23002,North,2025-01,Sports,111444,95492
NOR23002,North,2025-01,Beauty,70252,89437
NOR23002,North,2025-01,Clothing,63751,84878
NOR23002,North,2025-02,Sports,93711,76997
NOR23002,North,2025-02,Beauty,71584,86684
NOR23002,North,2025-02,Clothing,25966,52698
NOR23002,North,2025-03,Sports,69690,84641
NOR23002,North,2025-03,Beauty,111194,62974
NOR23002,North,2025-03,Clothing,37683,55806
NOR23002,North,2025-04,Sports,57126,98828
NOR23002,North,2025-04,Beauty,111009,57705
NOR23002,North,2025-04,Clothing,66671,78150
NOR23002,North,2025-05,Sports,109650,76436
NOR23002,North,2025-05,Beauty,112448,87183
NOR23002,North,2025-05,Clothing,78773,89687
NOR23002,North,2025-06,Sports,51255,69010
NOR23002,North,2025-06,Beauty,67880,75505
NOR23002,North,2025-06,Clothing,73239,52457
NOR23002,North,2025-07,Sports,48693,57360
NOR23002,North,2025-07,Beauty,114469,78836
NOR23002,North,2025-07,Clothing,117762,89075
NOR23002,North,2025-08,Sports,58636,82861
NOR23002,North,2025-08,Beauty,70746,99828
NOR23002,North,2025-08,Clothing,55983,66643
NOR23002,North,2025-09,Sports,104714,78687
NOR23002,North,2025-09,Beauty,38991,84663
NOR23002,North,2025-09,Clothing,20683,96043
NOR23002,North,2025-10,Sports,55046,72412
NOR23002,North,2025-10,Beauty,95186,94217
NOR23002,North,2025-10,Clothing,60127,87236
NOR23002,North,2025-11,Sports,61010,91872
NOR23002,North,2025-11,Beauty,63560,52461
NOR23002,North,2025-11,Clothing,29849,63558
NOR23002,North,2025-12,Sports,29594,63860
NOR23002,North,2025-12,Beauty,118869,67480
NOR23002,North,2025-12,Clothing,27508,84355
NOR23003,North,2025-01,Sports,107342,90622
NOR23003,North,2025-01,Beauty,81069,70644
NOR23003,North,2025-01,Clothing,75385,60255
NOR23003,North,2025-02,Sports,100460,64261
NOR23003,North,2025-02,Beauty,76105,86835
NOR23003,North,2025-02,Clothing,87438,98171
NOR23003,North,2025-03,Sports,102048,85426
NOR23003,North,2025-03,Beauty,66261,68761
NOR23003,North,2025-03,Clothing,33326,97239
NOR23003,North,2025-04,Sports,87055,69941
NOR23003,North,2025-04,Beauty,70802,76057
NOR23003,North,2025-04,Clothing,106187,55630
NOR23003,North,2025-05,Sports,45338,96597
NOR23003,North,2025-05,Beauty,95988,62432
NOR23003,North,2025-05,Clothing,62050,93711
NOR23003,North,2025-06,Sports,116748,83024
NOR23003,North,2025-06,Beauty,68813,94580
NOR23003,North,2025-06,Clothing,33280,62744
NOR23003,North,2025-07,Sports,101834,65676
NOR23003,North,2025-07,Beauty,58521,52121
NOR23003,North,2025-07,Clothing,105347,59488
NOR23003,North,2025-08,Sports,35020,81839
NOR23003,North,2025-08,Beauty,119771,92320
NOR23003,North,2025-08,Clothing,26301,91239
NOR23003,North,2025-09,Sports,111472,77618
NOR23003,North,2025-09,Beauty,93747,61282
NOR23003,North,2025-09,Clothing,35924,89551
NOR23003,North,2025-10,Sports,97038,82554
NOR23003,North,2025-10,Beauty,29577,72582
NOR23003,North,2025-10,Clothing,85662,57992
NOR23003,North,2025-11,Sports,117460,69158
NOR23003,North,2025-11,Beauty,84605,57476
NOR23003,North,2025-11,Clothing,58906,62474
NOR23003,North,2025-12,Sports,34486,57691
NOR23003,North,2025-12,Beauty,27050,99655
NOR23003,North,2025-12,Clothing,115962,58288
NOR23004,North,2025-01,Sports,83815,58136
NOR23004,North,2025-01,Beauty,77811,92126
NOR23004,North,2025-01,Clothing,48921,55266
NOR23004,North,2025-02,Sports,56922,88088
NOR23004,North,2025-02,Beauty,75923,83809
NOR23004,North,2025-02,Clothing,71100,98965
NOR23004,North,2025-03,Sports,89625,75935
NOR23004,North,2025-03,Beauty,68189,79798
NOR23004,North,2025-03,Clothing,84624,66019
NOR23004,North,2025-04,Sports,74087,52034
NOR23004,North,2025-04,Beauty,119208,74823
NOR23004,North,2025-04,Clothing,82349,91932
NOR23004,North,2025-05,Sports,94431,89133
NOR23004,North,2025-05,Beauty,86818,53679
NOR23004,North,2025-05,Clothing,113487,52331
NOR23004,North,2025-06,Sports,88054,75546
NOR23004,North,2025-06,Beauty,94142,74317
NOR23004,North,2025-06,Clothing,54526,53123
NOR23004,North,2025-07,Sports,114084,62291
NOR23004,North,2025-07,Beauty,65762,89726
NOR23004,North,2025-07,Clothing,94271,54897
NOR23004,North,2025-08,Sports,72346,60392
NOR23004,North,2025-08,Beauty,107090,56786
NOR23004,North,2025-08,Clothing,53595,69784
NOR23004,North,2025-09,Sports,48188,71072
NOR23004,North,2025-09,Beauty,86840,82631
NOR23004,North,2025-09,Clothing,85102,86159
NOR23004,North,2025-10,Sports,73924,75825
NOR23004,North,2025-10,Beauty,32194,62297
NOR23004,North,2025-10,Clothing,84798,57327
NOR23004,North,2025-11,Sports,42405,69046
NOR23004,North,2025-11,Beauty,77456,93330
NOR23004,North,2025-11,Clothing,101414,81926
NOR23004,North,2025-12,Sports,63686,52766
NOR23004,North,2025-12,Beauty,28589,98477
NOR23004,North,2025-12,Clothing,97849,88027
NOR23005,North,2025-01,Sports,33230,51511
NOR23005,North,2025-01,Beauty,48416,55377
NOR23005,North,2025-01,Clothing,31125,84552
NOR23005,North,2025-02,Sports,34752,99206
NOR23005,North,2025-02,Beauty,33463,62664
NOR23005,North,2025-02,Clothing,47462,78215
NOR23005,North,2025-03,Sports,95282,77688
NOR23005,North,2025-03,Beauty,112137,61931
NOR23005,North,2025-03,Clothing,119803,79494
NOR23005,North,2025-04,Sports,33102,70327
NOR23005,North,2025-04,Beauty,61052,62842
NOR23005,North,2025-04,Clothing,47449,97435
NOR23005,North,2025-05,Sports,91278,83215
NOR23005,North,2025-05,Beauty,70933,87801
NOR23005,North,2025-05,Clothing,37317,64948
NOR23005,North,2025-06,Sports,105527,57696
NOR23005,North,2025-06,Beauty,67937,80910
NOR23005,North,2025-06,Clothing,109231,58421
NOR23005,North,2025-07,Sports,47605,85237
NOR23005,North,2025-07,Beauty,22901,79091
NOR23005,North,2025-07,Clothing,37747,88427
NOR23005,North,2025-08,Sports,111988,80415
NOR23005,North,2025-08,Beauty,99341,94484
NOR23005,North,2025-08,Clothing,59539,55114
NOR23005,North,2025-09,Sports,64937,86273
NOR23005,North,2025-09,Beauty,105257,97245
NOR23005,North,2025-09,Clothing,97404,95351
NOR23005,North,2025-10,Sports,84554,66418
NOR23005,North,2025-10,Beauty,45872,51483
NOR23005,North,2025-10,Clothing,28613,96378
NOR23005,North,2025-11,Sports,61028,62164
NOR23005,North,2025-11,Beauty,38276,74490
NOR23005,North,2025-11,Clothing,87194,77740
NOR23005,North,2025-12,Sports,43753,75432
NOR23005,North,2025-12,Beauty,25243,56285
NOR23005,North,2025-12,Clothing,75070,97632
NOR23006,North,2025-01,Sports,26153,57006
NOR23006,North,2025-01,Beauty,63022,53654
NOR23006,North,2025-01,Clothing,82647,87806
NOR23006,North,2025-02,Sports,69705,85491
NOR23006,North,2025-02,Beauty,70020,65620
NOR23006,North,2025-02,Clothing,98663,88569
NOR23006,North,2025-03,Sports,116307,93440
NOR23006,North,2025-03,Beauty,84852,51252
NOR23006,North,2025-03,Clothing,85233,76100
NOR23006,North,2025-04,Sports,38298,88329
NOR23006,North,2025-04,Beauty,38655,52201
NOR23006,North,2025-04,Clothing,56882,88831
NOR23006,North,2025-05,Sports,32092,86552
NOR23006,North,2025-05,Beauty,83761,50723
NOR23006,North,2025-05,Clothing,42894,68608
NOR23006,North,2025-06,Sports,38520,97292
NOR23006,North,2025-06,Beauty,59551,87503
NOR23006,North,2025-06,Clothing,89362,57744
NOR23006,North,2025-07,Sports,91974,70529
NOR23006,North,2025-07,Beauty,77028,71295
NOR23006,North,2025-07,Clothing,32566,82223
NOR23006,North,2025-08,Sports,45396,79268
NOR23006,North,2025-08,Beauty,107386,54918
NOR23006,North,2025-08,Clothing,70852,66782
NOR23006,North,2025-09,Sports,22819,80517
NOR23006,North,2025-09,Beauty,22023,80050
NOR23006,North,2025-09,Clothing,117368,72987
NOR23006,North,2025-10,Sports,37946,81258
NOR23006,North,2025-10,Beauty,80816,70355
NOR23006,North,2025-10,Clothing,34265,71109
NOR23006,North,2025-11,Sports,84947,56336
NOR23006,North,2025-11,Beauty,49088,72162
NOR23006,North,2025-11,Clothing,45129,74424
NOR23006,North,2025-12,Sports,38160,57774
NOR23006,North,2025-12,Beauty,38502,78138
NOR23006,North,2025-12,Clothing,110557,57186
NOR23007,North,2025-01,Sports,102412,85294
NOR23007,North,2025-01,Beauty,79719,77220
NOR23007,North,2025-01,Clothing,68165,85035
NOR23007,North,2025-02,Sports,82317,91746
NOR23007,North,2025-02,Beauty,96333,75001
NOR23007,North,2025-02,Clothing,29598,75734
NOR23007,North,2025-03,Sports,34051,89660
NOR23007,North,2025-03,Beauty,86244,85051
NOR23007,North,2025-03,Clothing,29169,69032
NOR23007,North,2025-04,Sports,46782,95655
NOR23007,North,2025-04,Beauty,114491,58481
NOR23007,North,2025-04,Clothing,106108,74780
NOR23007,North,2025-05,Sports,26654,92014
NOR23007,North,2025-05,Beauty,47462,79263
NOR23007,North,2025-05,Clothing,38916,77765
NOR23007,North,2025-06,Sports,39279,82662
NOR23007,North,2025-06,Beauty,23558,80568
NOR23007,North,2025-06,Clothing,77475,55818
NOR23007,North,2025-07,Sports,34085,56573
NOR23007,North,2025-07,Beauty,35950,86271
NOR23007,North,2025-07,Clothing,117440,73438
NOR23007,North,2025-08,Sports,68794,79572
NOR23007,North,2025-08,Beauty,40567,76911
NOR23007,North,2025-08,Clothing,72408,91693
NOR23007,North,2025-09,Sports,25128,75512
NOR23007,North,2025-09,Beauty,106640,57798
NOR23007,North,2025-09,Clothing,89678,76134
NOR23007,North,2025-10,Sports,109587,63819
NOR23007,North,2025-10,Beauty,47690,87801
NOR23007,North,2025-10,Clothing,52162,76935
NOR23007,North,2025-11,Sports,55089,71595
NOR23007,North,2025-11,Beauty,28024,94483
NOR23007,North,2025-11,Clothing,115228,69842
NOR23007,North,2025-12,Sports,87883,57876
NOR23007,North,2025-12,Beauty,36834,86212
NOR23007,North,2025-12,Clothing,95186,91701
NOR23008,North,2025-01,Sports,23234,80809
NOR23008,North,2025-01,Beauty,91209,57338
NOR23008,North,2025-01,Clothing,41495,64074
NOR23008,North,2025-02,Sports,105808,97538
NOR23008,North,2025-02,Beauty,20052,95778
NOR23008,North,2025-02,Clothing,108485,76773
NOR23008,North,2025-03,Sports,29154,77931
NOR23008,North,2025-03,Beauty,71879,53142
NOR23008,North,2025-03,Clothing,59760,83413
NOR23008,North,2025-04,Sports,64650,55954
NOR23008,North,2025-04,Beauty,61846,73477
NOR23008,North,2025-04,Clothing,35128,52593
NOR23008,North,2025-05,Sports,38622,83895
NOR23008,North,2025-05,Beauty,47512,74506
NOR23008,North,2025-05,Clothing,62102,59377
NOR23008,North,2025-06,Sports,70795,92584
NOR23008,North,2025-06,Beauty,29103,51908
NOR23008,North,2025-06,Clothing,51039,69602
NOR23008,North,2025-07,Sports,37502,97090
NOR23008,North,2025-07,Beauty,97481,70753
NOR23008,North,2025-07,Clothing,96834,50632
NOR23008,North,2025-08,Sports,38161,92468
NOR23008,North,2025-08,Beauty,110984,98410
NOR23008,North,2025-08,Clothing,31116,95955
NOR23008,North,2025-09,Sports,52637,78170
NOR23008,North,2025-09,Beauty,81967,53346
NOR23008,North,2025-09,Clothing,111276,93398
NOR23008,North,2025-10,Sports,61165,66982
NOR23008,North,2025-10,Beauty,107197,69591
NOR23008,North,2025-10,Clothing,42032,87805
NOR23008,North,2025-11,Sports,64161,71890
NOR23008,North,2025-11,Beauty,54127,70229
NOR23008,North,2025-11,Clothing,37781,98678
NOR23008,North,2025-12,Sports,62352,90396
NOR23008,North,2025-12,Beauty,69957,77925
NOR23008,North,2025-12,Clothing,24999,66708
NOR23009,North,2025-01,Sports,39447,74948
NOR23009,North,2025-01,Beauty,73041,58473
NOR23009,North,2025-01,Clothing,58098,90792
NOR23009,North,2025-02,Sports,78245,95118
NOR23009,North,2025-02,Beauty,48172,88835
NOR23009,North,2025-02,Clothing,51412,72318
NOR23009,North,2025-03,Sports,103912,67588
NOR23009,North,2025-03,Beauty,115311,62947
NOR23009,North,2025-03,Clothing,30118,56282
NOR23009,North,2025-04,Sports,75161,53217
NOR23009,North,2025-04,Beauty,112443,77481
NOR23009,North,2025-04,Clothing,94299,69650
NOR23009,North,2025-05,Sports,44415,97698
NOR23009,North,2025-05,Beauty,73237,82079
NOR23009,North,2025-05,Clothing,56791,55621
NOR23009,North,2025-06,Sports,26948,63590
NOR23009,North,2025-06,Beauty,48709,53520
NOR23009,North,2025-06,Clothing,81833,51282
NOR23009,North,2025-07,Sports,106641,66992
NOR23009,North,2025-07,Beauty,29194,82418
NOR23009,North,2025-07,Clothing,81023,59657
NOR23009,North,2025-08,Sports,102375,71135
NOR23009,North,2025-08,Beauty,30278,90764
NOR23009,North,2025-08,Clothing,27038,71914
NOR23009,North,2025-09,Sports,71498,73449
NOR23009,North,2025-09,Beauty,83842,91443
NOR23009,North,2025-09,Clothing,116021,76348
NOR23009,North,2025-10,Sports,41711,81596
NOR23009,North,2025-10,Beauty,72666,84836
NOR23009,North,2025-10,Clothing,23765,80282
NOR23009,North,2025-11,Sports,113960,82578
NOR23009,North,2025-11,Beauty,101976,63677
NOR23009,North,2025-11,Clothing,24147,94981
NOR23009,North,2025-12,Sports,119111,88092
NOR23009,North,2025-12,Beauty,31787,70888
NOR23009,North,2025-12,Clothing,119283,79245
NOR23010,North,2025-01,Sports,82238,93286
NOR23010,North,2025-01,Beauty,24663,63505
NOR23010,North,2025-01,Clothing,85874,58405
NOR23010,North,2025-02,Sports,100267,86647
NOR23010,North,2025-02,Beauty,85792,91730
NOR23010,North,2025-02,Clothing,108673,51108
NOR23010,North,2025-03,Sports,48027,77380
NOR23010,North,2025-03,Beauty,34535,70079
NOR23010,North,2025-03,Clothing,48720,76590
NOR23010,North,2025-04,Sports,50272,89840
NOR23010,North,2025-04,Beauty,87334,93257
NOR23010,North,2025-04,Clothing,57748,77670
NOR23010,North,2025-05,Sports,89046,71683
NOR23010,North,2025-05,Beauty,35533,59486
NOR23010,North,2025-05,Clothing,66503,93406
NOR23010,North,2025-06,Sports,107136,75005
NOR23010,North,2025-06,Beauty,93749,99129
NOR23010,North,2025-06,Clothing,107303,80324
NOR23010,North,2025-07,Sports,93186,74368
NOR23010,North,2025-07,Beauty,87301,73307
NOR23010,North,2025-07,Clothing,41664,99001
NOR23010,North,2025-08,Sports,49970,84581
NOR23010,North,2025-08,Beauty,35922,65181
NOR23010,North,2025-08,Clothing,97415,70186
NOR23010,North,2025-09,Sports,101228,79478
NOR23010,North,2025-09,Beauty,48189,64918
NOR23010,North,2025-09,Clothing,20700,64348
NOR23010,North,2025-10,Sports,53663,53205
NOR23010,North,2025-10,Beauty,48938,61723
NOR23010,North,2025-10,Clothing,65872,75817
NOR23010,North,2025-11,Sports,111281,64060
NOR23010,North,2025-11,Beauty,43551,91405
NOR23010,North,2025-11,Clothing,66386,87858
NOR23010,North,2025-12,Sports,94923,93379
NOR23010,North,2025-12,Beauty,53719,77310
NOR23010,North,2025-12,Clothing,44653,51450
NOR23011,North,2025-01,Sports,55336,52579
NOR23011,North,2025-01,Beauty,118344,87831
NOR23011,North,2025-01,Clothing,100343,89753
NOR23011,North,2025-02,Sports,88909,86158
NOR23011,North,2025-02,Beauty,60245,91025
NOR23011,North,2025-02,Clothing,115142,96465
NOR23011,North,2025-03,Sports,62829,57906
NOR23011,North,2025-03,Beauty,95302,61253
NOR23011,North,2025-03,Clothing,69415,53721
NOR23011,North,2025-04,Sports,24999,92611
NOR23011,North,2025-04,Beauty,77319,70615
NOR23011,North,2025-04,Clothing,70340,68179
NOR23011,North,2025-05,Sports,107652,93175
NOR23011,North,2025-05,Beauty,63152,62446
NOR23011,North,2025-05,Clothing,87629,96628
NOR23011,North,2025-06,Sports,46627,65039
NOR23011,North,2025-06,Beauty,118849,77520
NOR23011,North,2025-06,Clothing,103290,56844
NOR23011,North,2025-07,Sports,112211,65845
NOR23011,North,2025-07,Beauty,81304,82541
NOR23011,North,2025-07,Clothing,73144,68803
NOR23011,North,2025-08,Sports,47000,59487
NOR23011,North,2025-08,Beauty,26664,90684
NOR23011,North,2025-08,Clothing,65725,53734
NOR23011,North,2025-09,Sports,75115,66902
NOR23011,North,2025-09,Beauty,20275,99662
NOR23011,North,2025-09,Clothing,51330,73862
NOR23011,North,2025-10,Sports,68622,56575
NOR23011,North,2025-10,Beauty,73926,58723
NOR23011,North,2025-10,Clothing,49631,92098
NOR23011,North,2025-11,Sports,31631,95673
NOR23011,North,2025-11,Beauty,93576,90343
NOR23011,North,2025-11,Clothing,119092,64973
NOR23011,North,2025-12,Sports,20409,74604
NOR23011,North,2025-12,Beauty,48157,95971
NOR23011,North,2025-12,Clothing,92179,88117
NOR23012,North,2025-01,Sports,87200,62363
NOR23012,North,2025-01,Beauty,41908,50781
NOR23012,North,2025-01,Clothing,27409,96980
NOR23012,North,2025-02,Sports,22372,77811
NOR23012,North,2025-02,Beauty,80595,91851
NOR23012,North,2025-02,Clothing,101466,69303
NOR23012,North,2025-03,Sports,89805,51335
NOR23012,North,2025-03,Beauty,103921,57673
NOR23012,North,2025-03,Clothing,86548,89112
NOR23012,North,2025-04,Sports,56328,58129
NOR23012,North,2025-04,Beauty,81132,94092
NOR23012,North,2025-04,Clothing,42587,97658
NOR23012,North,2025-05,Sports,25795,91517
NOR23012,North,2025-05,Beauty,89898,60752
NOR23012,North,2025-05,Clothing,67905,66725
NOR23012,North,2025-06,Sports,79158,96387
NOR23012,North,2025-06,Beauty,24668,62761
NOR23012,North,2025-06,Clothing,84713,85678
NOR23012,North,2025-07,Sports,60735,91844
NOR23012,North,2025-07,Beauty,72804,52142
NOR23012,North,2025-07,Clothing,85520,90910
NOR23012,North,2025-08,Sports,81805,67805
NOR23012,North,2025-08,Beauty,20698,61281
NOR23012,North,2025-08,Clothing,92875,85088
NOR23012,North,2025-09,Sports,101527,92325
NOR23012,North,2025-09,Beauty,103160,73848
NOR23012,North,2025-09,Clothing,89702,99317
NOR23012,North,2025-10,Sports,85964,85674
NOR23012,North,2025-10,Beauty,82191,86396
NOR23012,North,2025-10,Clothing,54875,66285
NOR23012,North,2025-11,Sports,44313,98232
NOR23012,North,2025-11,Beauty,30567,71826
NOR23012,North,2025-11,Clothing,20895,56181
NOR23012,North,2025-12,Sports,65014,78344
NOR23012,North,2025-12,Beauty,31793,57442
NOR23012,North,2025-12,Clothing,97127,58810
NOR23013,North,2025-01,Sports,37232,61964
NOR23013,North,2025-01,Beauty,92889,95286
NOR23013,North,2025-01,Clothing,29896,90438
NOR23013,North,2025-02,Sports,76900,56494
NOR23013,North,2025-02,Beauty,43212,55003
NOR23013,North,2025-02,Clothing,57103,76522
NOR23013,North,2025-03,Sports,84290,52456
NOR23013,North,2025-03,Beauty,37248,64526
NOR23013,North,2025-03,Clothing,27024,61834
NOR23013,North,2025-04,Sports,47119,90596
NOR23013,North,2025-04,Beauty,58190,73947
NOR23013,North,2025-04,Clothing,62745,92119
NOR23013,North,2025-05,Sports,47667,73572
NOR23013,North,2025-05,Beauty,115773,80514
NOR23013,North,2025-05,Clothing,117732,97396
NOR23013,North,2025-06,Sports,50833,87073
NOR23013,North,2025-06,Beauty,43503,75795
NOR23013,North,2025-06,Clothing,80218,71012
NOR23013,North,2025-07,Sports,40051,91125
NOR23013,North,2025-07,Beauty,79627,74392
NOR23013,North,2025-07,Clothing,118924,60262
NOR23013,North,2025-08,Sports,77961,82294
NOR23013,North,2025-08,Beauty,102016,58573
NOR23013,North,2025-08,Clothing,62883,89330
NOR23013,North,2025-09,Sports,36189,87748
NOR23013,North,2025-09,Beauty,82144,50926
NOR23013,North,2025-09,Clothing,60865,66773
NOR23013,North,2025-10,Sports,59387,70837
NOR23013,North,2025-10,Beauty,102269,74985
NOR23013,North,2025-10,Clothing,38916,72024
NOR23013,North,2025-11,Sports,71154,74095
NOR23013,North,2025-11,Beauty,38804,71586
NOR23013,North,2025-11,Clothing,87459,68749
NOR23013,North,2025-12,Sports,28882,99132
NOR23013,North,2025-12,Beauty,52638,54887
NOR23013,North,2025-12,Clothing,32484,68127
SOU23001,South,2025-01,Sports,91012,56471
SOU23001,South,2025-01,Beauty,69742,65999
SOU23001,South,2025-01,Clothing,88224,61471
SOU23001,South,2025-02,Sports,41150,64713
SOU23001,South,2025-02,Beauty,102497,86230
SOU23001,South,2025-02,Clothing,54586,73274
SOU23001,South,2025-03,Sports,63010,75806
SOU23001,South,2025-03,Beauty,46764,69604
SOU23001,South,2025-03,Clothing,34211,83038
SOU23001,South,2025-04,Sports,37862,78935
SOU23001,South,2025-04,Beauty,72438,83845
SOU23001,South,2025-04,Clothing,66284,97369
SOU23001,South,2025-05,Sports,115350,82583
SOU23001,South,2025-05,Beauty,111897,77391
SOU23001,South,2025-05,Clothing,47415,58278
SOU23001,South,2025-06,Sports,36662,64037
SOU23001,South,2025-06,Beauty,113567,67007
SOU23001,South,2025-06,Clothing,107128,87072
SOU23001,South,2025-07,Sports,97171,85738
SOU23001,South,2025-07,Beauty,101940,81940
SOU23001,South,2025-07,Clothing,40883,85366
SOU23001,South,2025-08,Sports,26885,67037
SOU23001,South,2025-08,Beauty,94422,58942
SOU23001,South,2025-08,Clothing,109216,72327
SOU23001,South,2025-09,Sports,81321,66979
SOU23001,South,2025-09,Beauty,99790,50133
SOU23001,South,2025-09,Clothing,101053,74502
SOU23001,South,2025-10,Sports,78783,86731
SOU23001,South,2025-10,Beauty,20627,67833
SOU23001,South,2025-10,Clothing,98322,96264
SOU23001,South,2025-11,Sports,70335,77377
SOU23001,South,2025-11,Beauty,67297,54555
SOU23001,South,2025-11,Clothing,36822,89608
SOU23001,South,2025-12,Sports,34612,69023
SOU23001,South,2025-12,Beauty,20873,59174
SOU23001,South,2025-12,Clothing,61779,67643
SOU23002,South,2025-01,Sports,25099,57244
SOU23002,South,2025-01,Beauty,81207,89243
SOU23002,South,2025-01,Clothing,55135,50603
SOU23002,South,2025-02,Sports,92333,78284
SOU23002,South,2025-02,Beauty,22843,94031
SOU23002,South,2025-02,Clothing,74462,52976
SOU23002,South,2025-03,Sports,50391,80256
SOU23002,South,2025-03,Beauty,24665,88445
SOU23002,South,2025-03,Clothing,71592,94200
SOU23002,South,2025-04,Sports,82545,53870
SOU23002,South,2025-04,Beauty,67036,53634
SOU23002,South,2025-04,Clothing,110861,95882
SOU23002,South,2025-05,Sports,88156,52344
SOU23002,South,2025-05,Beauty,49434,90885
SOU23002,South,2025-05,Clothing,79236,81141
SOU23002,South,2025-06,Sports,61436,71099
SOU23002,South,2025-06,Beauty,91992,97839
SOU23002,South,2025-06,Clothing,71303,87653
SOU23002,South,2025-07,Sports,45668,73748
SOU23002,South,2025-07,Beauty,83687,77481
SOU23002,South,2025-07,Clothing,103103,50961
SOU23002,South,2025-08,Sports,64555,64408
SOU23002,South,2025-08,Beauty,66292,89876
SOU23002,South,2025-08,Clothing,68199,94722
SOU23002,South,2025-09,Sports,108843,78810
SOU23002,South,2025-09,Beauty,119611,51310
SOU23002,South,2025-09,Clothing,84840,75948
SOU23002,South,2025-10,Sports,37580,77131
SOU23002,South,2025-10,Beauty,58503,95362
SOU23002,South,2025-10,Clothing,32743,88305
SOU23002,South,2025-11,Sports,63755,57883
SOU23002,South,2025-11,Beauty,97526,59717
SOU23002,South,2025-11,Clothing,74099,65933
SOU23002,South,2025-12,Sports,81179,59858
SOU23002,South,2025-12,Beauty,77184,71938
SOU23002,South,2025-12,Clothing,103052,72929
SOU23003,South,2025-01,Sports,46165,80502
SOU23003,South,2025-01,Beauty,89295,62598
SOU23003,South,2025-01,Clothing,21091,52461
SOU23003,South,2025-02,Sports,102990,81505
SOU23003,South,2025-02,Beauty,49685,77120
SOU23003,South,2025-02,Clothing,40447,66842
SOU23003,South,2025-03,Sports,31761,53103
SOU23003,South,2025-03,Beauty,45574,77930
SOU23003,South,2025-03,Clothing,110927,55276
SOU23003,South,2025-04,Sports,70894,88883
SOU23003,South,2025-04,Beauty,111654,64919
SOU23003,South,2025-04,Clothing,43895,66563
SOU23003,South,2025-05,Sports,27437,98580
SOU23003,South,2025-05,Beauty,114534,69515
SOU23003,South,2025-05,Clothing,118587,91311
SOU23003,South,2025-06,Sports,91715,79077
SOU23003,South,2025-06,Beauty,31442,82581
SOU23003,South,2025-06,Clothing,27807,52526
SOU23003,South,2025-07,Sports,75280,96735
SOU23003,South,2025-07,Beauty,39928,90413
SOU23003,South,2025-07,Clothing,72502,96900
SOU23003,South,2025-08,Sports,117291,89552
SOU23003,South,2025-08,Beauty,50768,71855
SOU23003,South,2025-08,Clothing,38181,99251
SOU23003,South,2025-09,Sports,93266,93617
SOU23003,South,2025-09,Beauty,116346,75604
SOU23003,South,2025-09,Clothing,60563,62657
SOU23003,South,2025-10,Sports,30138,55922
SOU23003,South,2025-10,Beauty,107690,71567
SOU23003,South,2025-10,Clothing,108733,60130
SOU23003,South,2025-11,Sports,104747,98864
SOU23003,South,2025-11,Beauty,111506,63202
SOU23003,South,2025-11,Clothing,73575,87141
SOU23003,South,2025-12,Sports,55948,61845
SOU23003,South,2025-12,Beauty,115942,80645
SOU23003,South,2025-12,Clothing,63873,88220
SOU23004,South,2025-01,Sports,57051,89646
SOU23004,South,2025-01,Beauty,114611,82822
SOU23004,South,2025-01,Clothing,119362,72021
SOU23004,South,2025-02,Sports,83933,79354
SOU23004,South,2025-02,Beauty,105630,99620
SOU23004,South,2025-02,Clothing,80268,57499
SOU23004,South,2025-03,Sports,50285,63977
SOU23004,South,2025-03,Beauty,100445,63778
SOU23004,South,2025-03,Clothing,49884,82532
SOU23004,South,2025-04,Sports,86951,53688
SOU23004,South,2025-04,Beauty,94969,56674
SOU23004,South,2025-04,Clothing,82401,59304
SOU23004,South,2025-05,Sports,62038,79627
SOU23004,South,2025-05,Beauty,81099,76765
SOU23004,South,2025-05,Clothing,69689,56217
SOU23004,South,2025-06,Sports,92072,71399
SOU23004,South,2025-06,Beauty,39790,97639
SOU23004,South,2025-06,Clothing,35776,80919
SOU23004,South,2025-07,Sports,97296,52415
SOU23004,South,2025-07,Beauty,28718,62463
SOU23004,South,2025-07,Clothing,87250,96071
SOU23004,South,2025-08,Sports,21091,68010
SOU23004,South,2025-08,Beauty,52813,61860
SOU23004,South,2025-08,Clothing,90705,92576
SOU23004,South,2025-09,Sports,112911,76815
SOU23004,South,2025-09,Beauty,116905,99769
SOU23004,South,2025-09,Clothing,96146,73750
SOU23004,South,2025-10,Sports,108050,85417
SOU23004,South,2025-10,Beauty,57722,78935
SOU23004,South,2025-10,Clothing,93378,59464
SOU23004,South,2025-11,Sports,65335,92974
SOU23004,South,2025-11,Beauty,111542,87449
SOU23004,South,2025-11,Clothing,60119,56843
SOU23004,South,2025-12,Sports,44191,62804
SOU23004,South,2025-12,Beauty,29494,94743
SOU23004,South,2025-12,Clothing,116024,68861
SOU23005,South,2025-01,Sports,69403,84599
SOU23005,South,2025-01,Beauty,82299,90291
SOU23005,South,2025-01,Clothing,111535,59534
SOU23005,South,2025-02,Sports,110061,61676
SOU23005,South,2025-02,Beauty,34842,70455
SOU23005,South,2025-02,Clothing,56335,97037
SOU23005,South,2025-03,Sports,44440,74071
SOU23005,South,2025-03,Beauty,32187,57619
SOU23005,South,2025-03,Clothing,53135,63367
SOU23005,South,2025-04,Sports,110116,74588
SOU23005,South,2025-04,Beauty,44130,71531
SOU23005,South,2025-04,Clothing,33173,75712
SOU23005,South,2025-05,Sports,101839,90726
SOU23005,South,2025-05,Beauty,52416,79597
SOU23005,South,2025-05,Clothing,23055,78704
SOU23005,South,2025-06,Sports,94147,84287
SOU23005,South,2025-06,Beauty,100217,62047
SOU23005,South,2025-06,Clothing,36657,52000
SOU23005,South,2025-07,Sports,116719,72807
SOU23005,South,2025-07,Beauty,119780,70844
SOU23005,South,2025-07,Clothing,99462,88995
SOU23005,South,2025-08,Sports,27274,74113
SOU23005,South,2025-08,Beauty,84784,94761
SOU23005,South,2025-08,Clothing,77539,85465
SOU23005,South,2025-09,Sports,65053,57694
SOU23005,South,2025-09,Beauty,20521,64540
SOU23005,South,2025-09,Clothing,22074,82727
SOU23005,South,2025-10,Sports,54393,56944
SOU23005,South,2025-10,Beauty,64988,62473
SOU23005,South,2025-10,Clothing,77628,64898
SOU23005,South,2025-11,Sports,90125,86081
SOU23005,South,2025-11,Beauty,55266,77645
SOU23005,South,2025-11,Clothing,35231,95137
SOU23005,South,2025-12,Sports,47430,56464
SOU23005,South,2025-12,Beauty,40483,78711
SOU23005,South,2025-12,Clothing,65035,76850
SOU23006,South,2025-01,Sports,92123,80616
SOU23006,South,2025-01,Beauty,50549,57083
SOU23006,South,2025-01,Clothing,55867,96906
SOU23006,South,2025-02,Sports,54546,72412
SOU23006,South,2025-02,Beauty,56168,88737
SOU23006,South,2025-02,Clothing,53614,97877
SOU23006,South,2025-03,Sports,110624,69373
SOU23006,South,2025-03,Beauty,108223,94209
SOU23006,South,2025-03,Clothing,117194,81326
SOU23006,South,2025-04,Sports,101201,53674
SOU23006,South,2025-04,Beauty,52399,99412
SOU23006,South,2025-04,Clothing,66850,63511
SOU23006,South,2025-05,Sports,111014,96577
SOU23006,South,2025-05,Beauty,23240,97290
SOU23006,South,2025-05,Clothing,103566,77210
SOU23006,South,2025-06,Sports,52128,78397
SOU23006,South,2025-06,Beauty,108844,55830
SOU23006,South,2025-06,Clothing,59806,68071
SOU23006,South,2025-07,Sports,53279,96395
SOU23006,South,2025-07,Beauty,28835,51981
SOU23006,South,2025-07,Clothing,95568,52268
SOU23006,South,2025-08,Sports,71610,50829
SOU23006,South,2025-08,Beauty,56741,55002
SOU23006,South,2025-08,Clothing,54949,65251
SOU23006,South,2025-09,Sports,75260,68961
SOU23006,South,2025-09,Beauty,56404,71038
SOU23006,South,2025-09,Clothing,119369,86669
SOU23006,South,2025-10,Sports,46257,88703
SOU23006,South,2025-10,Beauty,62557,58769
SOU23006,South,2025-10,Clothing,105227,64027
SOU23006,South,2025-11,Sports,98625,93739
SOU23006,South,2025-11,Beauty,53222,92702
SOU23006,South,2025-11,Clothing,95096,60305
SOU23006,South,2025-12,Sports,62828,57944
SOU23006,South,2025-12,Beauty,46977,68048
SOU23006,South,2025-12,Clothing,49768,69236
SOU23007,South,2025-01,Sports,67344,87352
SOU23007,South,2025-01,Beauty,66863,64264
SOU23007,South,2025-01,Clothing,37462,68266
SOU23007,South,2025-02,Sports,54098,73674
SOU23007,South,2025-02,Beauty,101859,82642
SOU23007,South,2025-02,Clothing,97083,51116
SOU23007,South,2025-03,Sports,94059,50852
SOU23007,South,2025-03,Beauty,76533,73047
SOU23007,South,2025-03,Clothing,75059,70011
SOU23007,South,2025-04,Sports,70912,85629
SOU23007,South,2025-04,Beauty,116439,75203
SOU23007,South,2025-04,Clothing,22830,91723
SOU23007,South,2025-05,Sports,113074,94510
SOU23007,South,2025-05,Beauty,107423,95452
SOU23007,South,2025-05,Clothing,38527,89446
SOU23007,South,2025-06,Sports,89224,74253
SOU23007,South,2025-06,Beauty,90223,65503
SOU23007,South,2025-06,Clothing,60376,52954
SOU23007,South,2025-07,Sports,91098,97325
SOU23007,South,2025-07,Beauty,44425,69208
SOU23007,South,2025-07,Clothing,113813,81774
SOU23007,South,2025-08,Sports,52040,96802
SOU23007,South,2025-08,Beauty,29456,82928
SOU23007,South,2025-08,Clothing,53285,66659
SOU23007,South,2025-09,Sports,29994,50583
SOU23007,South,2025-09,Beauty,100889,55671
SOU23007,South,2025-09,Clothing,65497,77018
SOU23007,South,2025-10,Sports,51358,75369
SOU23007,South,2025-10,Beauty,21278,76779
SOU23007,South,2025-10,Clothing,79066,64906
SOU23007,South,2025-11,Sports,58539,83018
SOU23007,South,2025-11,Beauty,85304,89829
SOU23007,South,2025-11,Clothing,86926,75361
SOU23007,South,2025-12,Sports,85821,66733
SOU23007,South,2025-12,Beauty,28863,50414
SOU23007,South,2025-12,Clothing,89550,63333
SOU23008,South,2025-01,Sports,30645,71501
SOU23008,South,2025-01,Beauty,71270,86010
SOU23008,South,2025-01,Clothing,37781,65000
SOU23008,South,2025-02,Sports,54656,94126
SOU23008,South,2025-02,Beauty,88489,52958
SOU23008,South,2025-02,Clothing,32666,87640
SOU23008,South,2025-03,Sports,78458,87875
SOU23008,South,2025-03,Beauty,51049,91423
SOU23008,South,2025-03,Clothing,40794,51422
SOU23008,South,2025-04,Sports,110338,59926
SOU23008,South,2025-04,Beauty,46730,92489
SOU23008,South,2025-04,Clothing,90094,54526
SOU23008,South,2025-05,Sports,84730,72204
SOU23008,South,2025-05,Beauty,56781,95199
SOU23008,South,2025-05,Clothing,55576,74925
SOU23008,South,2025-06,Sports,52784,61237
SOU23008,South,2025-06,Beauty,51331,72497
SOU23008,South,2025-06,Clothing,85722,64731
SOU23008,South,2025-07,Sports,57589,68171
SOU23008,South,2025-07,Beauty,62120,76585
SOU23008,South,2025-07,Clothing,39344,83491
SOU23008,South,2025-08,Sports,47857,82590
SOU23008,South,2025-08,Beauty,46645,83506
SOU23008,South,2025-08,Clothing,82703,65040
SOU23008,South,2025-09,Sports,47200,85270
SOU23008,South,2025-09,Beauty,21211,86587
SOU23008,South,2025-09,Clothing,96026,76350
SOU23008,South,2025-10,Sports,21269,66166
SOU23008,South,2025-10,Beauty,38175,54522
SOU23008,South,2025-10,Clothing,84107,60764
SOU23008,South,2025-11,Sports,32784,62481
SOU23008,South,2025-11,Beauty,34619,81065
SOU23008,South,2025-11,Clothing,111284,74992
SOU23008,South,2025-12,Sports,68158,53942
SOU23008,South,2025-12,Beauty,73363,88045
SOU23008,South,2025-12,Clothing,64115,56325
SOU23009,South,2025-01,Sports,87325,72493
SOU23009,South,2025-01,Beauty,67254,51610
SOU23009,South,2025-01,Clothing,27384,67587
SOU23009,South,2025-02,Sports,36153,51297
SOU23009,South,2025-02,Beauty,66565,66980
SOU23009,South,2025-02,Clothing,108040,92475
SOU23009,South,2025-03,Sports,56286,72648
SOU23009,South,2025-03,Beauty,103454,79010
SOU23009,South,2025-03,Clothing,31848,68373
SOU23009,South,2025-04,Sports,108280,86687
SOU23009,South,2025-04,Beauty,88776,79811
SOU23009,South,2025-04,Clothing,92180,64590
SOU23009,South,2025-05,Sports,34145,80587
SOU23009,South,2025-05,Beauty,41108,86020
SOU23009,South,2025-05,Clothing,111365,94486
SOU23009,South,2025-06,Sports,68123,88074
SOU23009,South,2025-06,Beauty,71519,75684
SOU23009,South,2025-06,Clothing,61303,78023
SOU23009,South,2025-07,Sports,98106,54643
SOU23009,South,2025-07,Beauty,66170,79713
SOU23009,South,2025-07,Clothing,95900,66648
SOU23009,South,2025-08,Sports,29199,57258
SOU23009,South,2025-08,Beauty,54156,86003
SOU23009,South,2025-08,Clothing,82042,73403
SOU23009,South,2025-09,Sports,53186,82761
SOU23009,South,2025-09,Beauty,55652,62677
SOU23009,South,2025-09,Clothing,113575,50639
SOU23009,South,2025-10,Sports,84767,77297
SOU23009,South,2025-10,Beauty,77269,91761
SOU23009,South,2025-10,Clothing,107655,70694
SOU23009,South,2025-11,Sports,52510,80565
SOU23009,South,2025-11,Beauty,96417,87928
SOU23009,South,2025-11,Clothing,86231,91104
SOU23009,South,2025-12,Sports,35755,54687
SOU23009,South,2025-12,Beauty,30824,59800
SOU23009,South,2025-12,Clothing,49206,79968
SOU23010,South,2025-01,Sports,78743,55853
SOU23010,South,2025-01,Beauty,80482,91493
SOU23010,South,2025-01,Clothing,21867,62873
SOU23010,South,2025-02,Sports,107363,89332
SOU23010,South,2025-02,Beauty,58516,83848
SOU23010,South,2025-02,Clothing,113267,99631
SOU23010,South,2025-03,Sports,61627,60837
SOU23010,South,2025-03,Beauty,40613,91304
SOU23010,South,2025-03,Clothing,29461,73540
SOU23010,South,2025-04,Sports,86734,64335
SOU23010,South,2025-04,Beauty,115039,63914
SOU23010,South,2025-04,Clothing,41651,69587
SOU23010,South,2025-05,Sports,45875,52344
SOU23010,South,2025-05,Beauty,117647,52414
SOU23010,South,2025-05,Clothing,83248,64796
SOU23010,South,2025-06,Sports,29581,61731
SOU23010,South,2025-06,Beauty,45605,76666
SOU23010,South,2025-06,Clothing,80490,76133
SOU23010,South,2025-07,Sports,47824,95284
SOU23010,South,2025-07,Beauty,21414,93888
SOU23010,South,2025-07,Clothing,34336,66040
SOU23010,South,2025-08,Sports,49946,65689
SOU23010,South,2025-08,Beauty,72716,64469
SOU23010,South,2025-08,Clothing,89845,54525
SOU23010,South,2025-09,Sports,70916,79592
SOU23010,South,2025-09,Beauty,55472,60305
SOU23010,South,2025-09,Clothing,22432,65181
SOU23010,South,2025-10,Sports,24670,80504
SOU23010,South,2025-10,Beauty,47217,79416
SOU23010,South,2025-10,Clothing,84797,73636
SOU23010,South,2025-11,Sports,28709,64986
SOU23010,South,2025-11,Beauty,96846,68082
SOU23010,South,2025-11,Clothing,23271,99961
SOU23010,South,2025-12,Sports,99955,90455
SOU23010,South,2025-12,Beauty,108347,93130
SOU23010,South,2025-12,Clothing,20699,70995
SOU23011,South,2025-01,Sports,30266,78289
SOU23011,South,2025-01,Beauty,72261,91879
SOU23011,South,2025-01,Clothing,104952,75985
SOU23011,South,2025-02,Sports,63197,94767
SOU23011,South,2025-02,Beauty,89788,76748
SOU23011,South,2025-02,Clothing,118459,99194
SOU23011,South,2025-03,Sports,22177,65819
SOU23011,South,2025-03,Beauty,40686,99198
SOU23011,South,2025-03,Clothing,80540,79297
SOU23011,South,2025-04,Sports,79910,79507
SOU23011,South,2025-04,Beauty,30397,82489
SOU23011,South,2025-04,Clothing,28547,85069
SOU23011,South,2025-05,Sports,47046,71067
SOU23011,South,2025-05,Beauty,90213,95771
SOU23011,South,2025-05,Clothing,59768,84641
SOU23011,South,2025-06,Sports,119272,93915
SOU23011,South,2025-06,Beauty,112327,70579
SOU23011,South,2025-06,Clothing,109366,80264
SOU23011,South,2025-07,Sports,113532,56217
SOU23011,South,2025-07,Beauty,108391,89823
SOU23011,South,2025-07,Clothing,100651,95896
SOU23011,South,2025-08,Sports,62649,83830
SOU23011,South,2025-08,Beauty,81650,55245
SOU23011,South,2025-08,Clothing,26595,96546
SOU23011,South,2025-09,Sports,72749,89049
SOU23011,South,2025-09,Beauty,67499,60890
SOU23011,South,2025-09,Clothing,40027,93827
SOU23011,South,2025-10,Sports,109256,68662
SOU23011,South,2025-10,Beauty,107445,50034
SOU23011,South,2025-10,Clothing,74884,70554
SOU23011,South,2025-11,Sports,118716,55741
SOU23011,South,2025-11,Beauty,103716,88036
SOU23011,South,2025-11,Clothing,71306,97655
SOU23011,South,2025-12,Sports,88054,54504
SOU23011,South,2025-12,Beauty,54138,74286
SOU23011,South,2025-12,Clothing,85302,97572
SOU23012,South,2025-01,Sports,20770,99544
SOU23012,South,2025-01,Beauty,90502,74469
SOU23012,South,2025-01,Clothing,89149,80711
SOU23012,South,2025-02,Sports,109044,96652
SOU23012,South,2025-02,Beauty,22371,51534
SOU23012,South,2025-02,Clothing,91747,76032
SOU23012,South,2025-03,Sports,30758,62666
SOU23012,South,2025-03,Beauty,28315,62255
SOU23012,South,2025-03,Clothing,117668,73033
SOU23012,South,2025-04,Sports,60823,67131
SOU23012,South,2025-04,Beauty,25590,90188
SOU23012,South,2025-04,Clothing,60552,66326
SOU23012,South,2025-05,Sports,85491,83846
SOU23012,South,2025-05,Beauty,74343,52224
SOU23012,South,2025-05,Clothing,23858,59946
SOU23012,South,2025-06,Sports,45632,97037
SOU23012,South,2025-06,Beauty,24190,84731
SOU23012,South,2025-06,Clothing,80420,67320
SOU23012,South,2025-07,Sports,69759,56949
SOU23012,South,2025-07,Beauty,58284,91832
SOU23012,South,2025-07,Clothing,51374,86161
SOU23012,South,2025-08,Sports,109051,64841
SOU23012,South,2025-08,Beauty,46536,86052
SOU23012,South,2025-08,Clothing,41261,61644
SOU23012,South,2025-09,Sports,37251,92943
SOU23012,South,2025-09,Beauty,93318,88512
SOU23012,South,2025-09,Clothing,69591,53924
SOU23012,South,2025-10,Sports,101171,63724
SOU23012,South,2025-10,Beauty,96520,66373
SOU23012,South,2025-10,Clothing,93583,61303
SOU23012,South,2025-11,Sports,75865,71246
SOU23012,South,2025-11,Beauty,65063,76533
SOU23012,South,2025-11,Clothing,105129,63386
SOU23012,South,2025-12,Sports,107760,74910
SOU23012,South,2025-12,Beauty,60239,93184
SOU23012,South,2025-12,Clothing,28506,95373
WES23001,West,2025-01,Sports,88162,52646
WES23001,West,2025-01,Beauty,53669,79318
WES23001,West,2025-01,Clothing,34194,75658
WES23001,West,2025-02,Sports,68197,91330
WES23001,West,2025-02,Beauty,72606,97665
WES23001,West,2025-02,Clothing,52679,80596
WES23001,West,2025-03,Sports,73447,74271
WES23001,West,2025-03,Beauty,23334,99238
WES23001,West,2025-03,Clothing,99887,51808
WES23001,West,2025-04,Sports,104373,62540
WES23001,West,2025-04,Beauty,45514,96036
WES23001,West,2025-04,Clothing,87772,67064
WES23001,West,2025-05,Sports,52740,80124
WES23001,West,2025-05,Beauty,67369,56351
WES23001,West,2025-05,Clothing,56489,65356
WES23001,West,2025-06,Sports,97570,81360
WES23001,West,2025-06,Beauty,103583,84311
WES23001,West,2025-06,Clothing,106392,63044
WES23001,West,2025-07,Sports,93661,99135
WES23001,West,2025-07,Beauty,20800,57539
WES23001,West,2025-07,Clothing,56169,63932
WES23001,West,2025-08,Sports,103583,73698
WES23001,West,2025-08,Beauty,62671,55377
WES23001,West,2025-08,Clothing,20685,86413
WES23001,West,2025-09,Sports,39501,83214
WES23001,West,2025-09,Beauty,49417,85664
WES23001,West,2025-09,Clothing,119352,65441
WES23001,West,2025-10,Sports,50701,61325
WES23001,West,2025-10,Beauty,54426,84130
WES23001,West,2025-10,Clothing,114781,89164
WES23001,West,2025-11,Sports,71342,87917
WES23001,West,2025-11,Beauty,36258,96036
WES23001,West,2025-11,Clothing,66782,86625
WES23001,West,2025-12,Sports,116967,54099
WES23001,West,2025-12,Beauty,62530,76792
WES23001,West,2025-12,Clothing,117908,99316
WES23002,West,2025-01,Sports,57893,73448
WES23002,West,2025-01,Beauty,114803,61144
WES23002,West,2025-01,Clothing,58020,54637
WES23002,West,2025-02,Sports,36121,57339
WES23002,West,2025-02,Beauty,103779,58049
WES23002,West,2025-02,Clothing,119485,64098
WES23002,West,2025-03,Sports,55750,58710
WES23002,West,2025-03,Beauty,23369,52221
WES23002,West,2025-03,Clothing,65650,58731
WES23002,West,2025-04,Sports,106915,86883
WES23002,West,2025-04,Beauty,70439,60254
WES23002,West,2025-04,Clothing,61368,63450
WES23002,West,2025-05,Sports,61977,53544
WES23002,West,2025-05,Beauty,25439,53196
WES23002,West,2025-05,Clothing,48962,59795
WES23002,West,2025-06,Sports,78057,68689
WES23002,West,2025-06,Beauty,96145,77879
WES23002,West,2025-06,Clothing,97362,55275
WES23002,West,2025-07,Sports,45975,97259
WES23002,West,2025-07,Beauty,61665,68318
WES23002,West,2025-07,Clothing,72857,73308
WES23002,West,2025-08,Sports,55392,60392
WES23002,West,2025-08,Beauty,64116,85139
WES23002,West,2025-08,Clothing,29391,52983
WES23002,West,2025-09,Sports,34115,81350
WES23002,West,2025-09,Beauty,58982,70895
WES23002,West,2025-09,Clothing,53368,85293
WES23002,West,2025-10,Sports,60422,90773
WES23002,West,2025-10,Beauty,45232,82671
WES23002,West,2025-10,Clothing,63295,61877
WES23002,West,2025-11,Sports,80680,82150
WES23002,West,2025-11,Beauty,51682,90121
WES23002,West,2025-11,Clothing,52663,92231
WES23002,West,2025-12,Sports,79745,66939
WES23002,West,2025-12,Beauty,46768,59741
WES23002,West,2025-12,Clothing,114689,83132
WES23003,West,2025-01,Sports,23968,93111
WES23003,West,2025-01,Beauty,27324,64699
WES23003,West,2025-01,Clothing,61500,51912
WES23003,West,2025-02,Sports,114117,74480
WES23003,West,2025-02,Beauty,96915,60834
WES23003,West,2025-02,Clothing,43870,66255
WES23003,West,2025-03,Sports,26212,76040
WES23003,West,2025-03,Beauty,25820,56242
WES23003,West,2025-03,Clothing,37362,63553
WES23003,West,2025-04,Sports,78686,93399
WES23003,West,2025-04,Beauty,100651,68495
WES23003,West,2025-04,Clothing,68299,90143
WES23003,West,2025-05,Sports,30091,54814
WES23003,West,2025-05,Beauty,38556,84371
WES23003,West,2025-05,Clothing,74526,78441
WES23003,West,2025-06,Sports,113285,66253
WES23003,West,2025-06,Beauty,89742,54834
WES23003,West,2025-06,Clothing,107464,63862
WES23003,West,2025-07,Sports,99703,76853
WES23003,West,2025-07,Beauty,65874,50956
WES23003,West,2025-07,Clothing,65820,50882
WES23003,West,2025-08,Sports,56313,53790
WES23003,West,2025-08,Beauty,97790,70659
WES23003,West,2025-08,Clothing,107121,53296
WES23003,West,2025-09,Sports,48723,74020
WES23003,West,2025-09,Beauty,32097,55375
WES23003,West,2025-09,Clothing,63132,59486
WES23003,West,2025-10,Sports,100633,85693
WES23003,West,2025-10,Beauty,36673,94352
WES23003,West,2025-10,Clothing,99714,77898
WES23003,West,2025-11,Sports,56515,93246
WES23003,West,2025-11,Beauty,39474,89413
WES23003,West,2025-11,Clothing,61977,56011
WES23003,West,2025-12,Sports,88707,66756
WES23003,West,2025-12,Beauty,97251,51794
WES23003,West,2025-12,Clothing,75018,91062
WES23004,West,2025-01,Sports,103257,77541
WES23004,West,2025-01,Beauty,109405,55481
WES23004,West,2025-01,Clothing,75175,99792
WES23004,West,2025-02,Sports,118223,83162
WES23004,West,2025-02,Beauty,31050,53453
WES23004,West,2025-02,Clothing,74885,75023
WES23004,West,2025-03,Sports,49941,53160
WES23004,West,2025-03,Beauty,32885,72901
WES23004,West,2025-03,Clothing,95663,70304
WES23004,West,2025-04,Sports,78397,59088
WES23004,West,2025-04,Beauty,106087,93408
WES23004,West,2025-04,Clothing,114231,79793
WES23004,West,2025-05,Sports,108278,62639
WES23004,West,2025-05,Beauty,81160,53330
WES23004,West,2025-05,Clothing,108836,94388
WES23004,West,2025-06,Sports,37577,85241
WES23004,West,2025-06,Beauty,104299,83320
WES23004,West,2025-06,Clothing,99928,89286
WES23004,West,2025-07,Sports,26749,70934
WES23004,West,2025-07,Beauty,79413,76721
WES23004,West,2025-07,Clothing,35335,93144
WES23004,West,2025-08,Sports,113423,95285
WES23004,West,2025-08,Beauty,47196,83148
WES23004,West,2025-08,Clothing,91594,53967
WES23004,West,2025-09,Sports,86027,76607
WES23004,West,2025-09,Beauty,59794,87242
WES23004,West,2025-09,Clothing,90292,62980
WES23004,West,2025-10,Sports,59771,76368
WES23004,West,2025-10,Beauty,39354,92381
WES23004,West,2025-10,Clothing,73680,93619
WES23004,West,2025-11,Sports,38397,56192
WES23004,West,2025-11,Beauty,77848,78701
WES23004,West,2025-11,Clothing,57878,64108
WES23004,West,2025-12,Sports,98079,66741
WES23004,West,2025-12,Beauty,87636,75684
WES23004,West,2025-12,Clothing,84902,83502
WES23005,West,2025-01,Sports,37351,51318
WES23005,West,2025-01,Beauty,93241,89132
WES23005,West,2025-01,Clothing,37878,78491
WES23005,West,2025-02,Sports,43101,75745
WES23005,West,2025-02,Beauty,98059,92022
WES23005,West,2025-02,Clothing,27658,55427
WES23005,West,2025-03,Sports,51238,61026
WES23005,West,2025-03,Beauty,32129,78466
WES23005,West,2025-03,Clothing,56827,73247
WES23005,West,2025-04,Sports,24956,67429
WES23005,West,2025-04,Beauty,76845,76144
WES23005,West,2025-04,Clothing,111083,92444
WES23005,West,2025-05,Sports,70077,60239
WES23005,West,2025-05,Beauty,60990,53666
WES23005,West,2025-05,Clothing,69051,72667
WES23005,West,2025-06,Sports,64335,78382
WES23005,West,2025-06,Beauty,99972,56621
WES23005,West,2025-06,Clothing,56550,99657
WES23005,West,2025-07,Sports,56126,59236
WES23005,West,2025-07,Beauty,62141,67094
WES23005,West,2025-07,Clothing,90369,79005
WES23005,West,2025-08,Sports,65153,71230
WES23005,West,2025-08,Beauty,69818,63737
WES23005,West,2025-08,Clothing,76216,85456
WES23005,West,2025-09,Sports,89624,64044
WES23005,West,2025-09,Beauty,64271,77926
WES23005,West,2025-09,Clothing,119719,73357
WES23005,West,2025-10,Sports,63533,56217
WES23005,West,2025-10,Beauty,101427,55290
WES23005,West,2025-10,Clothing,101109,82529
WES23005,West,2025-11,Sports,107013,75611
WES23005,West,2025-11,Beauty,89595,89683
WES23005,West,2025-11,Clothing,51103,73444
WES23005,West,2025-12,Sports,34491,96154
WES23005,West,2025-12,Beauty,88147,71539
WES23005,West,2025-12,Clothing,56800,57644
WES23006,West,2025-01,Sports,86336,98133
WES23006,West,2025-01,Beauty,107822,52763
WES23006,West,2025-01,Clothing,65174,63660
WES23006,West,2025-02,Sports,101937,79768
WES23006,West,2025-02,Beauty,32513,63201
WES23006,West,2025-02,Clothing,103981,69045
WES23006,West,2025-03,Sports,69898,73901
WES23006,West,2025-03,Beauty,25222,50798
WES23006,West,2025-03,Clothing,103726,82766
WES23006,West,2025-04,Sports,50252,51323
WES23006,West,2025-04,Beauty,113307,55883
WES23006,West,2025-04,Clothing,119081,63595
WES23006,West,2025-05,Sports,66566,82288
WES23006,West,2025-05,Beauty,58013,95262
WES23006,West,2025-05,Clothing,33256,59517
WES23006,West,2025-06,Sports,39700,65382
WES23006,West,2025-06,Beauty,49090,60349
WES23006,West,2025-06,Clothing,98417,50503
WES23006,West,2025-07,Sports,99237,91287
WES23006,West,2025-07,Beauty,106358,60929
WES23006,West,2025-07,Clothing,59045,99093
WES23006,West,2025-08,Sports,64274,93807
WES23006,West,2025-08,Beauty,25188,57388
WES23006,West,2025-08,Clothing,53633,99685
WES23006,West,2025-09,Sports,85042,59652
WES23006,West,2025-09,Beauty,112586,98031
WES23006,West,2025-09,Clothing,32682,56716
WES23006,West,2025-10,Sports,29538,55345
WES23006,West,2025-10,Beauty,28543,62826
WES23006,West,2025-10,Clothing,46582,74840
WES23006,West,2025-11,Sports,66528,98954
WES23006,West,2025-11,Beauty,45340,58264
WES23006,West,2025-11,Clothing,103996,99817
WES23006,West,2025-12,Sports,75234,92076
WES23006,West,2025-12,Beauty,114127,74689
WES23006,West,2025-12,Clothing,54767,99003
WES23007,West,2025-01,Sports,55834,76136
WES23007,West,2025-01,Beauty,93835,86214
WES23007,West,2025-01,Clothing,93327,94201
WES23007,West,2025-02,Sports,52860,54514
WES23007,West,2025-02,Beauty,115568,64192
WES23007,West,2025-02,Clothing,78984,95109
WES23007,West,2025-03,Sports,52529,70233
WES23007,West,2025-03,Beauty,107969,96522
WES23007,West,2025-03,Clothing,57222,58185
WES23007,West,2025-04,Sports,61143,87379
WES23007,West,2025-04,Beauty,44862,61777
WES23007,West,2025-04,Clothing,45609,84684
WES23007,West,2025-05,Sports,54365,67809
WES23007,West,2025-05,Beauty,100632,73970
WES23007,West,2025-05,Clothing,109955,74038
WES23007,West,2025-06,Sports,78374,82567
WES23007,West,2025-06,Beauty,105809,54171
WES23007,West,2025-06,Clothing,116986,83587
WES23007,West,2025-07,Sports,54244,68393
WES23007,West,2025-07,Beauty,90744,55144
WES23007,West,2025-07,Clothing,105054,74472
WES23007,West,2025-08,Sports,94447,56832
WES23007,West,2025-08,Beauty,107187,85419
WES23007,West,2025-08,Clothing,115214,68273
WES23007,West,2025-09,Sports,24553,94286
WES23007,West,2025-09,Beauty,103534,83125
WES23007,West,2025-09,Clothing,105245,82472
WES23007,West,2025-10,Sports,21720,99794
WES23007,West,2025-10,Beauty,80148,78283
WES23007,West,2025-10,Clothing,118896,73134
WES23007,West,2025-11,Sports,50311,91813
WES23007,West,2025-11,Beauty,96115,73124
WES23007,West,2025-11,Clothing,90109,57207
WES23007,West,2025-12,Sports,66745,77748
WES23007,West,2025-12,Beauty,95275,62464
WES23007,West,2025-12,Clothing,58070,53396
WES23008,West,2025-01,Sports,55963,60930
WES23008,West,2025-01,Beauty,119565,65705
WES23008,West,2025-01,Clothing,57828,83299
WES23008,West,2025-02,Sports,40523,97256
WES23008,West,2025-02,Beauty,119761,66582
WES23008,West,2025-02,Clothing,106803,94655
WES23008,West,2025-03,Sports,24909,69827
WES23008,West,2025-03,Beauty,97272,91494
WES23008,West,2025-03,Clothing,47611,93285
WES23008,West,2025-04,Sports,89212,57962
WES23008,West,2025-04,Beauty,32644,96404
WES23008,West,2025-04,Clothing,77083,59801
WES23008,West,2025-05,Sports,57707,55110
WES23008,West,2025-05,Beauty,38177,54916
WES23008,West,2025-05,Clothing,36321,58697
WES23008,West,2025-06,Sports,35638,96135
WES23008,West,2025-06,Beauty,88774,82359
WES23008,West,2025-06,Clothing,70648,71396
WES23008,West,2025-07,Sports,26624,92437
WES23008,West,2025-07,Beauty,72442,98955
WES23008,West,2025-07,Clothing,45715,81043
WES23008,West,2025-08,Sports,115819,61026
WES23008,West,2025-08,Beauty,111101,74093
WES23008,West,2025-08,Clothing,97092,61857
WES23008,West,2025-09,Sports,63608,61303
WES23008,West,2025-09,Beauty,33193,65880
WES23008,West,2025-09,Clothing,83220,91796
WES23008,West,2025-10,Sports,79534,78110
WES23008,West,2025-10,Beauty,83848,57615
WES23008,West,2025-10,Clothing,80385,88342
WES23008,West,2025-11,Sports,96993,62069
WES23008,West,2025-11,Beauty,27470,74473
WES23008,West,2025-11,Clothing,113828,84407
WES23008,West,2025-12,Sports,35871,56718
WES23008,West,2025-12,Beauty,24719,82453
WES23008,West,2025-12,Clothing,98299,85924
WES23009,West,2025-01,Sports,21148,72165
WES23009,West,2025-01,Beauty,112605,80396
WES23009,West,2025-01,Clothing,59155,59219
WES23009,West,2025-02,Sports,50474,97484
WES23009,West,2025-02,Beauty,47336,67519
WES23009,West,2025-02,Clothing,69238,95620
WES23009,West,2025-03,Sports,59989,78260
WES23009,West,2025-03,Beauty,61394,73968
WES23009,West,2025-03,Clothing,102834,84931
WES23009,West,2025-04,Sports,77005,83385
WES23009,West,2025-04,Beauty,44098,60767
WES23009,West,2025-04,Clothing,34385,78271
WES23009,West,2025-05,Sports,56104,86041
WES23009,West,2025-05,Beauty,82462,63443
WES23009,West,2025-05,Clothing,109171,70444
WES23009,West,2025-06,Sports,83900,90809
WES23009,West,2025-06,Beauty,32827,88490
WES23009,West,2025-06,Clothing,107798,68157
WES23009,West,2025-07,Sports,79717,91524
WES23009,West,2025-07,Beauty,67166,81443
WES23009,West,2025-07,Clothing,43025,68562
WES23009,West,2025-08,Sports,47725,72403
WES23009,West,2025-08,Beauty,94992,74091
WES23009,West,2025-08,Clothing,116588,54897
WES23009,West,2025-09,Sports,71411,97168
WES23009,West,2025-09,Beauty,111433,99100
WES23009,West,2025-09,Clothing,58313,89865
WES23009,West,2025-10,Sports,44707,66011
WES23009,West,2025-10,Beauty,28100,52917
WES23009,West,2025-10,Clothing,57900,70203
WES23009,West,2025-11,Sports,55471,84347
WES23009,West,2025-11,Beauty,71823,82121
WES23009,West,2025-11,Clothing,33960,86023
WES23009,West,2025-12,Sports,116988,58757
WES23009,West,2025-12,Beauty,70295,54760
WES23009,West,2025-12,Clothing,119386,67899
WES23010,West,2025-01,Sports,69197,52703
WES23010,West,2025-01,Beauty,33045,95112
WES23010,West,2025-01,Clothing,66312,84396
WES23010,West,2025-02,Sports,40003,65633
WES23010,West,2025-02,Beauty,100020,63373
WES23010,West,2025-02,Clothing,63301,70846
WES23010,West,2025-03,Sports,70441,91838
WES23010,West,2025-03,Beauty,107191,50093
WES23010,West,2025-03,Clothing,23137,94157
WES23010,West,2025-04,Sports,83374,66377
WES23010,West,2025-04,Beauty,82945,88114
WES23010,West,2025-04,Clothing,44781,79338
WES23010,West,2025-05,Sports,47836,61029
WES23010,West,2025-05,Beauty,75266,93939
WES23010,West,2025-05,Clothing,89692,73489
WES23010,West,2025-06,Sports,79663,50890
WES23010,West,2025-06,Beauty,99033,65959
WES23010,West,2025-06,Clothing,58065,88941
WES23010,West,2025-07,Sports,40389,56737
WES23010,West,2025-07,Beauty,85751,94632
WES23010,West,2025-07,Clothing,66990,68095
WES23010,West,2025-08,Sports,84466,59718
WES23010,West,2025-08,Beauty,20630,53938
WES23010,West,2025-08,Clothing,91086,50643
WES23010,West,2025-09,Sports,100245,79884
WES23010,West,2025-09,Beauty,80237,99752
WES23010,West,2025-09,Clothing,94439,70338
WES23010,West,2025-10,Sports,89258,83735
WES23010,West,2025-10,Beauty,37396,65418
WES23010,West,2025-10,Clothing,56923,89347
WES23010,West,2025-11,Sports,54855,82838
WES23010,West,2025-11,Beauty,115568,84166
WES23010,West,2025-11,Clothing,92741,98043
WES23010,West,2025-12,Sports,109939,82585
WES23010,West,2025-12,Beauty,96884,54827
WES23010,West,2025-12,Clothing,101407,78153
WES23011,West,2025-01,Sports,51355,71205
WES23011,West,2025-01,Beauty,103020,59945
WES23011,West,2025-01,Clothing,23492,74536
WES23011,West,2025-02,Sports,21421,73597
WES23011,West,2025-02,Beauty,86696,97921
WES23011,West,2025-02,Clothing,43285,55945
WES23011,West,2025-03,Sports,76222,72826
WES23011,West,2025-03,Beauty,52207,97598
WES23011,West,2025-03,Clothing,42507,58230
WES23011,West,2025-04,Sports,61969,91475
WES23011,West,2025-04,Beauty,77895,84845
WES23011,West,2025-04,Clothing,54626,61985
WES23011,West,2025-05,Sports,92603,94737
WES23011,West,2025-05,Beauty,91839,59755
WES23011,West,2025-05,Clothing,74382,55940
WES23011,West,2025-06,Sports,96307,58204
WES23011,West,2025-06,Beauty,29728,81054
WES23011,West,2025-06,Clothing,38523,89568
WES23011,West,2025-07,Sports,72978,77742
WES23011,West,2025-07,Beauty,81229,62241
WES23011,West,2025-07,Clothing,111521,92423
WES23011,West,2025-08,Sports,109329,82312
WES23011,West,2025-08,Beauty,28788,53397
WES23011,West,2025-08,Clothing,24819,58483
WES23011,West,2025-09,Sports,103204,59319
WES23011,West,2025-09,Beauty,25676,92193
WES23011,West,2025-09,Clothing,91480,83898
WES23011,West,2025-10,Sports,59646,98771
WES23011,West,2025-10,Beauty,84148,67891
WES23011,West,2025-10,Clothing,114134,51544
WES23011,West,2025-11,Sports,107311,74737
WES23011,West,2025-11,Beauty,47758,53742
WES23011,West,2025-11,Clothing,37246,55107
WES23011,West,2025-12,Sports,100847,59249
WES23011,West,2025-12,Beauty,43270,63721
WES23011,West,2025-12,Clothing,100601,76230
EAS23001,East,2025-01,Sports,48252,77751
EAS23001,East,2025-01,Beauty,52085,75156
EAS23001,East,2025-01,Clothing,30548,62223
EAS23001,East,2025-02,Sports,57485,96960
EAS23001,East,2025-02,Beauty,29529,88348
EAS23001,East,2025-02,Clothing,41478,57491
EAS23001,East,2025-03,Sports,50627,57129
EAS23001,East,2025-03,Beauty,45642,72516
EAS23001,East,2025-03,Clothing,109821,99493
EAS23001,East,2025-04,Sports,23867,67461
EAS23001,East,2025-04,Beauty,100532,64440
EAS23001,East,2025-04,Clothing,113974,52677
EAS23001,East,2025-05,Sports,98110,89942
EAS23001,East,2025-05,Beauty,100707,51747
EAS23001,East,2025-05,Clothing,41346,59912
EAS23001,East,2025-06,Sports,95031,52460
EAS23001,East,2025-06,Beauty,63445,64869
EAS23001,East,2025-06,Clothing,49678,92140
EAS23001,East,2025-07,Sports,25961,60704
EAS23001,East,2025-07,Beauty,104146,56650
EAS23001,East,2025-07,Clothing,75490,85024
EAS23001,East,2025-08,Sports,26965,62251
EAS23001,East,2025-08,Beauty,60592,56029
EAS23001,East,2025-08,Clothing,84872,65605
EAS23001,East,2025-09,Sports,38130,77833
EAS23001,East,2025-09,Beauty,64510,85374
EAS23001,East,2025-09,Clothing,80376,63170
EAS23001,East,2025-10,Sports,57026,73365
EAS23001,East,2025-10,Beauty,53795,96257
EAS23001,East,2025-10,Clothing,83048,51241
EAS23001,East,2025-11,Sports,32873,99532
EAS23001,East,2025-11,Beauty,41112,69712
EAS23001,East,2025-11,Clothing,98925,76362
EAS23001,East,2025-12,Sports,39975,92370
EAS23001,East,2025-12,Beauty,68420,51098
EAS23001,East,2025-12,Clothing,119890,76769
EAS23002,East,2025-01,Sports,69474,60125
EAS23002,East,2025-01,Beauty,79582,80439
EAS23002,East,2025-01,Clothing,48569,77505
EAS23002,East,2025-02,Sports,62468,59813
EAS23002,East,2025-02,Beauty,59111,89733
EAS23002,East,2025-02,Clothing,99524,57160
EAS23002,East,2025-03,Sports,115723,53025
EAS23002,East,2025-03,Beauty,70195,57852
EAS23002,East,2025-03,Clothing,34375,67814
EAS23002,East,2025-04,Sports,33575,63321
EAS23002,East,2025-04,Beauty,109086,77223
EAS23002,East,2025-04,Clothing,31880,89749
EAS23002,East,2025-05,Sports,111372,53725
EAS23002,East,2025-05,Beauty,54678,59268
EAS23002,East,2025-05,Clothing,117904,51924
EAS23002,East,2025-06,Sports,49266,53794
EAS23002,East,2025-06,Beauty,94820,56157
EAS23002,East,2025-06,Clothing,81951,89450
EAS23002,East,2025-07,Sports,70906,74936
EAS23002,East,2025-07,Beauty,52620,60869
EAS23002,East,2025-07,Clothing,110636,98287
EAS23002,East,2025-08,Sports,40412,56040
EAS23002,East,2025-08,Beauty,75061,75781
EAS23002,East,2025-08,Clothing,78540,79260
EAS23002,East,2025-09,Sports,89923,90319
EAS23002,East,2025-09,Beauty,64557,50074
EAS23002,East,2025-09,Clothing,111935,76516
EAS23002,East,2025-10,Sports,68210,58932
EAS23002,East,2025-10,Beauty,107521,99051
EAS23002,East,2025-10,Clothing,66054,62213
EAS23002,East,2025-11,Sports,67009,74834
EAS23002,East,2025-11,Beauty,38135,88656
EAS23002,East,2025-11,Clothing,48143,65196
EAS23002,East,2025-12,Sports,41388,71377
EAS23002,East,2025-12,Beauty,78739,65871
EAS23002,East,2025-12,Clothing,48359,97490
EAS23003,East,2025-01,Sports,104731,92032
EAS23003,East,2025-01,Beauty,28406,90470
EAS23003,East,2025-01,Clothing,26616,98377
EAS23003,East,2025-02,Sports,60742,80240
EAS23003,East,2025-02,Beauty,77228,75031
EAS23003,East,2025-02,Clothing,23286,99514
EAS23003,East,2025-03,Sports,89102,61207
EAS23003,East,2025-03,Beauty,105042,99665
EAS23003,East,2025-03,Clothing,37067,60133
EAS23003,East,2025-04,Sports,62118,91567
EAS23003,East,2025-04,Beauty,66922,98406
EAS23003,East,2025-04,Clothing,115497,89542
EAS23003,East,2025-05,Sports,55292,92259
EAS23003,East,2025-05,Beauty,117034,98276
EAS23003,East,2025-05,Clothing,101237,65569
EAS23003,East,2025-06,Sports,98463,87761
EAS23003,East,2025-06,Beauty,34553,66975
EAS23003,East,2025-06,Clothing,35633,55177
EAS23003,East,2025-07,Sports,38286,86966
EAS23003,East,2025-07,Beauty,52865,99114
EAS23003,East,2025-07,Clothing,44397,54519
EAS23003,East,2025-08,Sports,30997,57022
EAS23003,East,2025-08,Beauty,69931,53637
EAS23003,East,2025-08,Clothing,84221,62314
EAS23003,East,2025-09,Sports,88906,61322
EAS23003,East,2025-09,Beauty,116744,53768
EAS23003,East,2025-09,Clothing,25164,96509
EAS23003,East,2025-10,Sports,35867,84706
EAS23003,East,2025-10,Beauty,86640,82135
EAS23003,East,2025-10,Clothing,94290,73495
EAS23003,East,2025-11,Sports,92057,50180
EAS23003,East,2025-11,Beauty,83560,82864
EAS23003,East,2025-11,Clothing,30411,67856
EAS23003,East,2025-12,Sports,50588,55690
EAS23003,East,2025-12,Beauty,116156,65997
EAS23003,East,2025-12,Clothing,74857,58976
EAS23004,East,2025-01,Sports,58724,76959
EAS23004,East,2025-01,Beauty,112377,87253
EAS23004,East,2025-01,Clothing,105019,66635
EAS23004,East,2025-02,Sports,52230,60665
EAS23004,East,2025-02,Beauty,102160,62742
EAS23004,East,2025-02,Clothing,36664,94696
EAS23004,East,2025-03,Sports,103371,91311
EAS23004,East,2025-03,Beauty,69947,93961
EAS23004,East,2025-03,Clothing,117106,89351
EAS23004,East,2025-04,Sports,73504,84320
EAS23004,East,2025-04,Beauty,48966,91075
EAS23004,East,2025-04,Clothing,91985,86546
EAS23004,East,2025-05,Sports,100645,97955
EAS23004,East,2025-05,Beauty,53278,86384
EAS23004,East,2025-05,Clothing,45283,50131
EAS23004,East,2025-06,Sports,39980,70696
EAS23004,East,2025-06,Beauty,24169,90338
EAS23004,East,2025-06,Clothing,92792,83761
EAS23004,East,2025-07,Sports,63724,65195
EAS23004,East,2025-07,Beauty,110452,92180
EAS23004,East,2025-07,Clothing,41420,97499
EAS23004,East,2025-08,Sports,39163,74629
EAS23004,East,2025-08,Beauty,49288,61054
EAS23004,East,2025-08,Clothing,92747,91074
EAS23004,East,2025-09,Sports,55684,70355
EAS23004,East,2025-09,Beauty,22403,62520
EAS23004,East,2025-09,Clothing,22339,86439
EAS23004,East,2025-10,Sports,72089,80433
EAS23004,East,2025-10,Beauty,85762,75076
EAS23004,East,2025-10,Clothing,106377,54961
EAS23004,East,2025-11,Sports,101483,59167
EAS23004,East,2025-11,Beauty,22104,65902
EAS23004,East,2025-11,Clothing,58985,57347
EAS23004,East,2025-12,Sports,115029,76073
EAS23004,East,2025-12,Beauty,20475,81706
EAS23004,East,2025-12,Clothing,72410,65226
EAS23005,East,2025-01,Sports,117170,69740
EAS23005,East,2025-01,Beauty,115992,96472
EAS23005,East,2025-01,Clothing,114108,67677
EAS23005,East,2025-02,Sports,73265,81440
EAS23005,East,2025-02,Beauty,36566,86147
EAS23005,East,2025-02,Clothing,67392,84247
EAS23005,East,2025-03,Sports,33315,65102
EAS23005,East,2025-03,Beauty,33937,64119
EAS23005,East,2025-03,Clothing,113674,60367
EAS23005,East,2025-04,Sports,29389,62181
EAS23005,East,2025-04,Beauty,119242,88021
EAS23005,East,2025-04,Clothing,105503,82519
EAS23005,East,2025-05,Sports,26284,64602
EAS23005,East,2025-05,Beauty,47263,54321
EAS23005,East,2025-05,Clothing,67372,57336
EAS23005,East,2025-06,Sports,62906,63411
EAS23005,East,2025-06,Beauty,41653,64877
EAS23005,East,2025-06,Clothing,70626,78331
EAS23005,East,2025-07,Sports,37103,95806
EAS23005,East,2025-07,Beauty,20102,79722
EAS23005,East,2025-07,Clothing,68579,50348
EAS23005,East,2025-08,Sports,54083,85795
EAS23005,East,2025-08,Beauty,116932,73264
EAS23005,East,2025-08,Clothing,74652,69497
EAS23005,East,2025-09,Sports,40308,82532
EAS23005,East,2025-09,Beauty,101282,73997
EAS23005,East,2025-09,Clothing,107493,65537
EAS23005,East,2025-10,Sports,68507,59928
EAS23005,East,2025-10,Beauty,107780,97948
EAS23005,East,2025-10,Clothing,85944,50442
EAS23005,East,2025-11,Sports,78478,64745
EAS23005,East,2025-11,Beauty,38971,53207
EAS23005,East,2025-11,Clothing,69400,61483
EAS23005,East,2025-12,Sports,116870,71017
EAS23005,East,2025-12,Beauty,95271,75445
EAS23005,East,2025-12,Clothing,119427,85801
EAS23006,East,2025-01,Sports,111932,56271
EAS23006,East,2025-01,Beauty,114231,67682
EAS23006,East,2025-01,Clothing,89451,92546
EAS23006,East,2025-02,Sports,95322,59398
EAS23006,East,2025-02,Beauty,63261,85045
EAS23006,East,2025-02,Clothing,38066,58637
EAS23006,East,2025-03,Sports,63131,67176
EAS23006,East,2025-03,Beauty,76972,53067
EAS23006,East,2025-03,Clothing,60747,54789
EAS23006,East,2025-04,Sports,91326,84632
EAS23006,East,2025-04,Beauty,110026,56150
EAS23006,East,2025-04,Clothing,73500,81477
EAS23006,East,2025-05,Sports,43859,92217
EAS23006,East,2025-05,Beauty,40757,80927
EAS23006,East,2025-05,Clothing,28642,68274
EAS23006,East,2025-06,Sports,106526,67983
EAS23006,East,2025-06,Beauty,115720,59630
EAS23006,East,2025-06,Clothing,50678,88236
EAS23006,East,2025-07,Sports,62687,75698
EAS23006,East,2025-07,Beauty,46831,93302
EAS23006,East,2025-07,Clothing,53415,76699
EAS23006,East,2025-08,Sports,52824,80843
EAS23006,East,2025-08,Beauty,68951,96405
EAS23006,East,2025-08,Clothing,95222,80245
EAS23006,East,2025-09,Sports,66980,72813
EAS23006,East,2025-09,Beauty,106497,92030
EAS23006,East,2025-09,Clothing,24899,53219
EAS23006,East,2025-10,Sports,116193,74630
EAS23006,East,2025-10,Beauty,83536,68284
EAS23006,East,2025-10,Clothing,85136,53024
EAS23006,East,2025-11,Sports,47700,51479
EAS23006,East,2025-11,Beauty,89059,83639
EAS23006,East,2025-11,Clothing,69662,51173
EAS23006,East,2025-12,Sports,29460,61768
EAS23006,East,2025-12,Beauty,113199,53070
EAS23006,East,2025-12,Clothing,78564,91151
EAS23007,East,2025-01,Sports,85909,82886
EAS23007,East,2025-01,Beauty,42872,75870
EAS23007,East,2025-01,Clothing,116549,52466
EAS23007,East,2025-02,Sports,79779,99960
EAS23007,East,2025-02,Beauty,96408,82686
EAS23007,East,2025-02,Clothing,72582,87859
EAS23007,East,2025-03,Sports,106621,82798
EAS23007,East,2025-03,Beauty,55301,73647
EAS23007,East,2025-03,Clothing,53207,61686
EAS23007,East,2025-04,Sports,45142,63114
EAS23007,East,2025-04,Beauty,103761,67680
EAS23007,East,2025-04,Clothing,50926,63435
EAS23007,East,2025-05,Sports,104032,72912
EAS23007,East,2025-05,Beauty,77706,72593
EAS23007,East,2025-05,Clothing,33239,55916
EAS23007,East,2025-06,Sports,38093,92546
EAS23007,East,2025-06,Beauty,119223,79397
EAS23007,East,2025-06,Clothing,102480,93711
EAS23007,East,2025-07,Sports,50534,79948
EAS23007,East,2025-07,Beauty,42557,79073
EAS23007,East,2025-07,Clothing,44395,80422
EAS23007,East,2025-08,Sports,53145,52562
EAS23007,East,2025-08,Beauty,112769,75650
EAS23007,East,2025-08,Clothing,75652,92085
EAS23007,East,2025-09,Sports,66523,73299
EAS23007,East,2025-09,Beauty,35476,50376
EAS23007,East,2025-09,Clothing,112611,69384
EAS23007,East,2025-10,Sports,86151,94101
EAS23007,East,2025-10,Beauty,112144,64562
EAS23007,East,2025-10,Clothing,65042,71961
EAS23007,East,2025-11,Sports,64367,71353
EAS23007,East,2025-11,Beauty,40702,55074
EAS23007,East,2025-11,Clothing,36346,96009
EAS23007,East,2025-12,Sports,115471,95160
EAS23007,East,2025-12,Beauty,51626,67556
EAS23007,East,2025-12,Clothing,117743,78712
EAS23008,East,2025-01,Sports,95448,75599
EAS23008,East,2025-01,Beauty,53434,62858
EAS23008,East,2025-01,Clothing,24942,74133
EAS23008,East,2025-02,Sports,55626,79273
EAS23008,East,2025-02,Beauty,66121,53266
EAS23008,East,2025-02,Clothing,73700,74542
EAS23008,East,2025-03,Sports,37600,88048
EAS23008,East,2025-03,Beauty,62039,93228
EAS23008,East,2025-03,Clothing,42984,96035
EAS23008,East,2025-04,Sports,86173,90135
EAS23008,East,2025-04,Beauty,21684,92499
EAS23008,East,2025-04,Clothing,112848,78910
EAS23008,East,2025-05,Sports,29942,51432
EAS23008,East,2025-05,Beauty,33876,95216
EAS23008,East,2025-05,Clothing,52397,50409
EAS23008,East,2025-06,Sports,102382,67567
EAS23008,East,2025-06,Beauty,105220,87203
EAS23008,East,2025-06,Clothing,34890,93968
EAS23008,East,2025-07,Sports,51080,53277
EAS23008,East,2025-07,Beauty,99950,96116
EAS23008,East,2025-07,Clothing,66323,77425
EAS23008,East,2025-08,Sports,56225,89839
EAS23008,East,2025-08,Beauty,109571,99214
EAS23008,East,2025-08,Clothing,46750,85648
EAS23008,East,2025-09,Sports,54891,68758
EAS23008,East,2025-09,Beauty,56932,81513
EAS23008,East,2025-09,Clothing,46222,88075
EAS23008,East,2025-10,Sports,100275,52400
EAS23008,East,2025-10,Beauty,75365,50824
EAS23008,East,2025-10,Clothing,46775,86563
EAS23008,East,2025-11,Sports,20146,91057
EAS23008,East,2025-11,Beauty,48424,60033
EAS23008,East,2025-11,Clothing,21699,52066
EAS23008,East,2025-12,Sports,55485,58387
EAS23008,East,2025-12,Beauty,39944,80413
EAS23008,East,2025-12,Clothing,63988,74457
EAS23009,East,2025-01,Sports,23459,94242
EAS23009,East,2025-01,Beauty,80730,72598
EAS23009,East,2025-01,Clothing,112791,87841
EAS23009,East,2025-02,Sports,94799,96702
EAS23009,East,2025-02,Beauty,103139,84138
EAS23009,East,2025-02,Clothing,104368,92780
EAS23009,East,2025-03,Sports,50023,74597
EAS23009,East,2025-03,Beauty,89006,50863
EAS23009,East,2025-03,Clothing,83090,62588
EAS23009,East,2025-04,Sports,74748,86581
EAS23009,East,2025-04,Beauty,92516,96577
EAS23009,East,2025-04,Clothing,54699,77936
EAS23009,East,2025-05,Sports,100236,95382
EAS23009,East,2025-05,Beauty,61061,95509
EAS23009,East,2025-05,Clothing,100343,92661
EAS23009,East,2025-06,Sports,24777,57145
EAS23009,East,2025-06,Beauty,45127,53775
EAS23009,East,2025-06,Clothing,23848,64321
EAS23009,East,2025-07,Sports,61832,73792
EAS23009,East,2025-07,Beauty,51189,88366
EAS23009,East,2025-07,Clothing,99501,67528
EAS23009,East,2025-08,Sports,62336,59049
EAS23009,East,2025-08,Beauty,66056,80664
EAS23009,East,2025-08,Clothing,47526,83528
EAS23009,East,2025-09,Sports,110052,53466
EAS23009,East,2025-09,Beauty,32829,50645
EAS23009,East,2025-09,Clothing,28311,87080
EAS23009,East,2025-10,Sports,60779,75121
EAS23009,East,2025-10,Beauty,53510,63557
EAS23009,East,2025-10,Clothing,73981,85708
EAS23009,East,2025-11,Sports,108720,63046
EAS23009,East,2025-11,Beauty,71700,59674
EAS23009,East,2025-11,Clothing,86430,70605
EAS23009,East,2025-12,Sports,61779,65922
EAS23009,East,2025-12,Beauty,77574,91519
EAS23009,East,2025-12,Clothing,55551,93899
EAS23010,East,2025-01,Sports,36501,78518
EAS23010,East,2025-01,Beauty,77594,99406
EAS23010,East,2025-01,Clothing,21595,74814
EAS23010,East,2025-02,Sports,32215,63774
EAS23010,East,2025-02,Beauty,66339,50985
EAS23010,East,2025-02,Clothing,74277,96367
EAS23010,East,2025-03,Sports,94276,78162
EAS23010,East,2025-03,Beauty,53854,83124
EAS23010,East,2025-03,Clothing,59022,93998
EAS23010,East,2025-04,Sports,58830,69523
EAS23010,East,2025-04,Beauty,45843,51155
EAS23010,East,2025-04,Clothing,58089,71273
EAS23010,East,2025-05,Sports,70810,59649
EAS23010,East,2025-05,Beauty,60817,53081
EAS23010,East,2025-05,Clothing,82089,87616
EAS23010,East,2025-06,Sports,23052,54290
EAS23010,East,2025-06,Beauty,58378,83040
EAS23010,East,2025-06,Clothing,92440,74712
EAS23010,East,2025-07,Sports,51683,92370
EAS23010,East,2025-07,Beauty,103425,83102
EAS23010,East,2025-07,Clothing,48384,54150
EAS23010,East,2025-08,Sports,80533,58332
EAS23010,East,2025-08,Beauty,29136,64094
EAS23010,East,2025-08,Clothing,54282,99750
EAS23010,East,2025-09,Sports,110300,69880
EAS23010,East,2025-09,Beauty,66756,58248
EAS23010,East,2025-09,Clothing,99973,94169
EAS23010,East,2025-10,Sports,42014,60604
EAS23010,East,2025-10,Beauty,107267,63870
EAS23010,East,2025-10,Clothing,77833,93101
EAS23010,East,2025-11,Sports,29664,68463
EAS23010,East,2025-11,Beauty,59164,97242
EAS23010,East,2025-11,Clothing,54915,73292
EAS23010,East,2025-12,Sports,54441,77593
EAS23010,East,2025-12,Beauty,105421,61495
EAS23010,East,2025-12,Clothing,113013,51302
EAS23011,East,2025-01,Sports,48190,93199
EAS23011,East,2025-01,Beauty,50635,82260
EAS23011,East,2025-01,Clothing,68908,59586
EAS23011,East,2025-02,Sports,67937,92227
EAS23011,East,2025-02,Beauty,52249,90028
EAS23011,East,2025-02,Clothing,32415,91346
EAS23011,East,2025-03,Sports,24266,67643
EAS23011,East,2025-03,Beauty,60962,95077
EAS23011,East,2025-03,Clothing,42490,96344
EAS23011,East,2025-04,Sports,82921,54594
EAS23011,East,2025-04,Beauty,84522,55246
EAS23011,East,2025-04,Clothing,94564,82807
EAS23011,East,2025-05,Sports,76355,81948
EAS23011,East,2025-05,Beauty,116181,51140
EAS23011,East,2025-05,Clothing,110633,75595
EAS23011,East,2025-06,Sports,48539,90102
EAS23011,East,2025-06,Beauty,37346,96919
EAS23011,East,2025-06,Clothing,69553,70972
EAS23011,East,2025-07,Sports,28377,78684
EAS23011,East,2025-07,Beauty,26387,74953
EAS23011,East,2025-07,Clothing,102374,60695
EAS23011,East,2025-08,Sports,55904,72074
EAS23011,East,2025-08,Beauty,65118,55856
EAS23011,East,2025-08,Clothing,68283,97789
EAS23011,East,2025-09,Sports,33484,77103
EAS23011,East,2025-09,Beauty,73294,91296
EAS23011,East,2025-09,Clothing,75694,75439
EAS23011,East,2025-10,Sports,81325,95883
EAS23011,East,2025-10,Beauty,36416,55792
EAS23011,East,2025-10,Clothing,91791,62632
EAS23011,East,2025-11,Sports,71224,76036
EAS23011,East,2025-11,Beauty,112946,98729
EAS23011,East,2025-11,Clothing,91947,82283
EAS23011,East,2025-12,Sports,33921,77338
EAS23011,East,2025-12,Beauty,95165,63615
EAS23011,East,2025-12,Clothing,25428,99841
EAS23012,East,2025-01,Sports,86140,71282
EAS23012,East,2025-01,Beauty,80299,69692
EAS23012,East,2025-01,Clothing,66897,64296
EAS23012,East,2025-02,Sports,45146,94399
EAS23012,East,2025-02,Beauty,97384,63523
EAS23012,East,2025-02,Clothing,38739,87403
EAS23012,East,2025-03,Sports,54815,63029
EAS23012,East,2025-03,Beauty,114593,91498
EAS23012,East,2025-03,Clothing,62617,80137
EAS23012,East,2025-04,Sports,100372,99078
EAS23012,East,2025-04,Beauty,68584,57428
EAS23012,East,2025-04,Clothing,60434,62226
EAS23012,East,2025-05,Sports,22358,81703
EAS23012,East,2025-05,Beauty,49716,94085
EAS23012,East,2025-05,Clothing,106920,64082
EAS23012,East,2025-06,Sports,66962,83749
EAS23012,East,2025-06,Beauty,34926,66575
EAS23012,East,2025-06,Clothing,67482,98064
EAS23012,East,2025-07,Sports,75707,57123
EAS23012,East,2025-07,Beauty,110130,65565
EAS23012,East,2025-07,Clothing,110256,53499
EAS23012,East,2025-08,Sports,68361,57132
EAS23012,East,2025-08,Beauty,111634,56863
EAS23012,East,2025-08,Clothing,68603,94288
EAS23012,East,2025-09,Sports,66106,84510
EAS23012,East,2025-09,Beauty,66184,84676
EAS23012,East,2025-09,Clothing,55393,61352
EAS23012,East,2025-10,Sports,104676,78602
EAS23012,East,2025-10,Beauty,51314,69615
EAS23012,East,2025-10,Clothing,39606,61687
EAS23012,East,2025-11,Sports,85110,91953
EAS23012,East,2025-11,Beauty,26182,70431
EAS23012,East,2025-11,Clothing,20517,92339
EAS23012,East,2025-12,Sports,59407,98766
EAS23012,East,2025-12,Beauty,86136,58745
EAS23012,East,2025-12,Clothing,47385,75842
EAS23013,East,2025-01,Sports,119930,53758
EAS23013,East,2025-01,Beauty,90230,75461
EAS23013,East,2025-01,Clothing,79942,68402
EAS23013,East,2025-02,Sports,65168,85146
EAS23013,East,2025-02,Beauty,50193,95393
EAS23013,East,2025-02,Clothing,38052,89926
EAS23013,East,2025-03,Sports,26354,68147
EAS23013,East,2025-03,Beauty,58525,74582
EAS23013,East,2025-03,Clothing,34020,98900
EAS23013,East,2025-04,Sports,43792,66870
EAS23013,East,2025-04,Beauty,79051,66261
EAS23013,East,2025-04,Clothing,79607,63142
EAS23013,East,2025-05,Sports,64062,77212
EAS23013,East,2025-05,Beauty,50044,95726
EAS23013,East,2025-05,Clothing,82545,97683
EAS23013,East,2025-06,Sports,92838,90166
EAS23013,East,2025-06,Beauty,60768,52993
EAS23013,East,2025-06,Clothing,82640,54526
EAS23013,East,2025-07,Sports,39850,86394
EAS23013,East,2025-07,Beauty,62056,88897
EAS23013,East,2025-07,Clothing,53129,67807
EAS23013,East,2025-08,Sports,37490,94895
EAS23013,East,2025-08,Beauty,106960,67881
EAS23013,East,2025-08,Clothing,29930,75297
EAS23013,East,2025-09,Sports,43280,98162
EAS23013,East,2025-09,Beauty,47573,76513
EAS23013,East,2025-09,Clothing,32453,94680
EAS23013,East,2025-10,Sports,77889,55576
EAS23013,East,2025-10,Beauty,43855,89331
EAS23013,East,2025-10,Clothing,66445,79056
EAS23013,East,2025-11,Sports,73964,71123
EAS23013,East,2025-11,Beauty,40946,70242
EAS23013,East,2025-11,Clothing,22019,92055
EAS23013,East,2025-12,Sports,22611,88239
EAS23013,East,2025-12,Beauty,91946,73335
EAS23013,East,2025-12,Clothing,114139,58140
EAS23014,East,2025-01,Sports,58875,80227
EAS23014,East,2025-01,Beauty,69558,55548
EAS23014,East,2025-01,Clothing,87297,58617
EAS23014,East,2025-02,Sports,36062,50913
EAS23014,East,2025-02,Beauty,42096,85288
EAS23014,East,2025-02,Clothing,28117,57942
EAS23014,East,2025-03,Sports,30536,84297
EAS23014,East,2025-03,Beauty,24993,53650
EAS23014,East,2025-03,Clothing,37842,64540
EAS23014,East,2025-04,Sports,103140,62097
EAS23014,East,2025-04,Beauty,77930,96172
EAS23014,East,2025-04,Clothing,96480,74006
EAS23014,East,2025-05,Sports,58783,81414
EAS23014,East,2025-05,Beauty,34349,98428
EAS23014,East,2025-05,Clothing,34924,76440
EAS23014,East,2025-06,Sports,77172,54532
EAS23014,East,2025-06,Beauty,99987,67504
EAS23014,East,2025-06,Clothing,34739,52806
EAS23014,East,2025-07,Sports,28751,84874
EAS23014,East,2025-07,Beauty,27839,86817
EAS23014,East,2025-07,Clothing,109153,65177
EAS23014,East,2025-08,Sports,66453,72850
EAS23014,East,2025-08,Beauty,81519,71568
EAS23014,East,2025-08,Clothing,24175,84118
EAS23014,East,2025-09,Sports,68374,68439
EAS23014,East,2025-09,Beauty,44316,72322
EAS23014,East,2025-09,Clothing,107305,53838
EAS23014,East,2025-10,Sports,49028,62227
EAS23014,East,2025-10,Beauty,119441,97191
EAS23014,East,2025-10,Clothing,29741,51505
EAS23014,East,2025-11,Sports,94247,89351
EAS23014,East,2025-11,Beauty,83442,99912
EAS23014,East,2025-11,Clothing,99434,92332
EAS23014,East,2025-12,Sports,25337,87211
EAS23014,East,2025-12,Beauty,86148,58265
EAS23014,East,2025-12,Clothing,60316,88766
